CompanyNumber,Type,Subtype,Result
00004606,Associated Business,Associated Business Insolvency,True
00004606,Associated Business,HM Court Data,False
00004606,Associated Business,Charges on other businesses,False
00004606,Business,CCJ (Business),False
00004606,Business,Director resignations,False
00004606,Business,Accounts Overdue,True
00004606,Business,Incorporation Date,False
00004606,Business,Adverse SIC Code,False
00004606,Director,Director bankruptcy,False
00004606,Director,Director disqualifications,False
00004606,Director,Director country of residence,False
00004606,Director,Director nationality,False
00004606,Director,Director average age,False
00004606,Director,Director Personal Insolvency,False
00004606,Psc,UBO nationality,False
00004606,Psc,UBO is overseas company?,False
00004606,Psc,Recent ownership changes,False
00004606,Financials,Negative Audit report,False
00004606,Financials,Negative Balance Sheet,False
00004606,Financials,Estimated Losses,False
00004606,Financials,Substantial Debts,False
00015129,Associated Business,Associated Business Insolvency,False
00015129,Associated Business,HM Court Data,False
00015129,Associated Business,Charges on other businesses,False
00015129,Business,CCJ (Business),False
00015129,Business,Director resignations,False
00015129,Business,Accounts Overdue,True
00015129,Business,Incorporation Date,False
00015129,Business,Adverse SIC Code,False
00015129,Director,Director bankruptcy,False
00015129,Director,Director disqualifications,False
00015129,Director,Director country of residence,False
00015129,Director,Director nationality,False
00015129,Director,Director average age,False
00015129,Director,Director Personal Insolvency,False
00015129,Psc,UBO nationality,False
00015129,Psc,UBO is overseas company?,False
00015129,Psc,Recent ownership changes,False
00015129,Financials,Negative Audit report,False
00015129,Financials,Negative Balance Sheet,False
00015129,Financials,Estimated Losses,False
00015129,Financials,Substantial Debts,False
04321383,Associated Business,Associated Business Insolvency,True
04321383,Associated Business,HM Court Data,False
04321383,Associated Business,Charges on other businesses,False
04321383,Business,CCJ (Business),False
04321383,Business,Director resignations,False
04321383,Business,Accounts Overdue,False
04321383,Business,Incorporation Date,False
04321383,Business,Adverse SIC Code,False
04321383,Director,Director bankruptcy,False
04321383,Director,Director disqualifications,False
04321383,Director,Director country of residence,False
04321383,Director,Director nationality,False
04321383,Director,Director average age,False
04321383,Director,Director Personal Insolvency,False
04321383,Psc,UBO nationality,False
04321383,Psc,UBO is overseas company?,False
04321383,Psc,Recent ownership changes,False
04321383,Financials,Negative Audit report,False
04321383,Financials,Negative Balance Sheet,False
04321383,Financials,Estimated Losses,False
04321383,Financials,Substantial Debts,False
04321532,Associated Business,Associated Business Insolvency,False
04321532,Associated Business,HM Court Data,False
04321532,Associated Business,Charges on other businesses,False
04321532,Business,CCJ (Business),True
04321532,Business,Director resignations,False
04321532,Business,Accounts Overdue,False
04321532,Business,Incorporation Date,False
04321532,Business,Adverse SIC Code,False
04321532,Director,Director bankruptcy,False
04321532,Director,Director disqualifications,False
04321532,Director,Director country of residence,True
04321532,Director,Director nationality,False
04321532,Director,Director average age,False
04321532,Director,Director Personal Insolvency,False
04321532,Psc,UBO nationality,False
04321532,Psc,UBO is overseas company?,False
04321532,Psc,Recent ownership changes,False
04321532,Financials,Negative Audit report,False
04321532,Financials,Negative Balance Sheet,True
04321532,Financials,Estimated Losses,True
04321532,Financials,Substantial Debts,False
04322134,Associated Business,Associated Business Insolvency,False
04322134,Associated Business,HM Court Data,False
04322134,Associated Business,Charges on other businesses,False
04322134,Business,CCJ (Business),False
04322134,Business,Director resignations,False
04322134,Business,Accounts Overdue,False
04322134,Business,Incorporation Date,False
04322134,Business,Adverse SIC Code,False
04322134,Director,Director bankruptcy,False
04322134,Director,Director disqualifications,False
04322134,Director,Director country of residence,True
04322134,Director,Director nationality,False
04322134,Director,Director average age,False
04322134,Director,Director Personal Insolvency,False
04322134,Psc,UBO nationality,False
04322134,Psc,UBO is overseas company?,False
04322134,Psc,Recent ownership changes,False
04322134,Financials,Negative Audit report,False
04322134,Financials,Negative Balance Sheet,True
04322134,Financials,Estimated Losses,True
04322134,Financials,Substantial Debts,False
04322453,Associated Business,Associated Business Insolvency,False
04322453,Associated Business,HM Court Data,False
04322453,Associated Business,Charges on other businesses,False
04322453,Business,CCJ (Business),False
04322453,Business,Director resignations,False
04322453,Business,Accounts Overdue,False
04322453,Business,Incorporation Date,False
04322453,Business,Adverse SIC Code,False
04322453,Director,Director bankruptcy,False
04322453,Director,Director disqualifications,False
04322453,Director,Director country of residence,True
04322453,Director,Director nationality,True
04322453,Director,Director average age,False
04322453,Director,Director Personal Insolvency,False
04322453,Psc,UBO nationality,False
04322453,Psc,UBO is overseas company?,True
04322453,Psc,Recent ownership changes,False
04322453,Financials,Negative Audit report,False
04322453,Financials,Negative Balance Sheet,False
04322453,Financials,Estimated Losses,False
04322453,Financials,Substantial Debts,False
04322680,Associated Business,Associated Business Insolvency,False
04322680,Associated Business,HM Court Data,False
04322680,Associated Business,Charges on other businesses,False
04322680,Business,CCJ (Business),False
04322680,Business,Director resignations,False
04322680,Business,Accounts Overdue,False
04322680,Business,Incorporation Date,False
04322680,Business,Adverse SIC Code,False
04322680,Director,Director bankruptcy,False
04322680,Director,Director disqualifications,False
04322680,Director,Director country of residence,False
04322680,Director,Director nationality,False
04322680,Director,Director average age,False
04322680,Director,Director Personal Insolvency,False
04322680,Psc,UBO nationality,False
04322680,Psc,UBO is overseas company?,False
04322680,Psc,Recent ownership changes,False
04322680,Financials,Negative Audit report,False
04322680,Financials,Negative Balance Sheet,False
04322680,Financials,Estimated Losses,False
04322680,Financials,Substantial Debts,False
04322757,Associated Business,Associated Business Insolvency,False
04322757,Associated Business,HM Court Data,False
04322757,Associated Business,Charges on other businesses,False
04322757,Business,CCJ (Business),False
04322757,Business,Director resignations,False
04322757,Business,Accounts Overdue,False
04322757,Business,Incorporation Date,False
04322757,Business,Adverse SIC Code,False
04322757,Director,Director bankruptcy,False
04322757,Director,Director disqualifications,False
04322757,Director,Director country of residence,True
04322757,Director,Director nationality,False
04322757,Director,Director average age,False
04322757,Director,Director Personal Insolvency,False
04322757,Psc,UBO nationality,False
04322757,Psc,UBO is overseas company?,False
04322757,Psc,Recent ownership changes,False
04322757,Financials,Negative Audit report,False
04322757,Financials,Negative Balance Sheet,False
04322757,Financials,Estimated Losses,False
04322757,Financials,Substantial Debts,False
04322772,Associated Business,Associated Business Insolvency,True
04322772,Associated Business,HM Court Data,False
04322772,Associated Business,Charges on other businesses,False
04322772,Business,CCJ (Business),False
04322772,Business,Director resignations,False
04322772,Business,Accounts Overdue,False
04322772,Business,Incorporation Date,False
04322772,Business,Adverse SIC Code,False
04322772,Director,Director bankruptcy,False
04322772,Director,Director disqualifications,False
04322772,Director,Director country of residence,True
04322772,Director,Director nationality,False
04322772,Director,Director average age,False
04322772,Director,Director Personal Insolvency,False
04322772,Psc,UBO nationality,False
04322772,Psc,UBO is overseas company?,True
04322772,Psc,Recent ownership changes,False
04322772,Financials,Negative Audit report,False
04322772,Financials,Negative Balance Sheet,False
04322772,Financials,Estimated Losses,False
04322772,Financials,Substantial Debts,False
04323040,Associated Business,Associated Business Insolvency,False
04323040,Associated Business,HM Court Data,False
04323040,Associated Business,Charges on other businesses,False
04323040,Business,CCJ (Business),False
04323040,Business,Director resignations,False
04323040,Business,Accounts Overdue,False
04323040,Business,Incorporation Date,False
04323040,Business,Adverse SIC Code,False
04323040,Director,Director bankruptcy,False
04323040,Director,Director disqualifications,False
04323040,Director,Director country of residence,False
04323040,Director,Director nationality,False
04323040,Director,Director average age,False
04323040,Director,Director Personal Insolvency,False
04323040,Psc,UBO nationality,False
04323040,Psc,UBO is overseas company?,False
04323040,Psc,Recent ownership changes,False
04323040,Financials,Negative Audit report,False
04323040,Financials,Negative Balance Sheet,False
04323040,Financials,Estimated Losses,False
04323040,Financials,Substantial Debts,False
04323066,Associated Business,Associated Business Insolvency,True
04323066,Associated Business,HM Court Data,False
04323066,Associated Business,Charges on other businesses,False
04323066,Business,CCJ (Business),False
04323066,Business,Director resignations,False
04323066,Business,Accounts Overdue,False
04323066,Business,Incorporation Date,False
04323066,Business,Adverse SIC Code,False
04323066,Director,Director bankruptcy,False
04323066,Director,Director disqualifications,False
04323066,Director,Director country of residence,False
04323066,Director,Director nationality,False
04323066,Director,Director average age,False
04323066,Director,Director Personal Insolvency,False
04323066,Psc,UBO nationality,False
04323066,Psc,UBO is overseas company?,False
04323066,Psc,Recent ownership changes,False
04323066,Financials,Negative Audit report,False
04323066,Financials,Negative Balance Sheet,False
04323066,Financials,Estimated Losses,False
04323066,Financials,Substantial Debts,False
04323331,Associated Business,Associated Business Insolvency,True
04323331,Associated Business,HM Court Data,False
04323331,Associated Business,Charges on other businesses,False
04323331,Business,CCJ (Business),False
04323331,Business,Director resignations,False
04323331,Business,Accounts Overdue,False
04323331,Business,Incorporation Date,False
04323331,Business,Adverse SIC Code,False
04323331,Director,Director bankruptcy,True
04323331,Director,Director disqualifications,False
04323331,Director,Director country of residence,False
04323331,Director,Director nationality,False
04323331,Director,Director average age,False
04323331,Director,Director Personal Insolvency,True
04323331,Psc,UBO nationality,False
04323331,Psc,UBO is overseas company?,False
04323331,Psc,Recent ownership changes,False
04323331,Financials,Negative Audit report,False
04323331,Financials,Negative Balance Sheet,False
04323331,Financials,Estimated Losses,False
04323331,Financials,Substantial Debts,False
04323752,Associated Business,Associated Business Insolvency,False
04323752,Associated Business,HM Court Data,False
04323752,Associated Business,Charges on other businesses,False
04323752,Business,CCJ (Business),False
04323752,Business,Director resignations,False
04323752,Business,Accounts Overdue,False
04323752,Business,Incorporation Date,False
04323752,Business,Adverse SIC Code,False
04323752,Director,Director bankruptcy,False
04323752,Director,Director disqualifications,False
04323752,Director,Director country of residence,False
04323752,Director,Director nationality,False
04323752,Director,Director average age,True
04323752,Director,Director Personal Insolvency,False
04323752,Psc,UBO nationality,False
04323752,Psc,UBO is overseas company?,False
04323752,Psc,Recent ownership changes,False
04323752,Financials,Negative Audit report,False
04323752,Financials,Negative Balance Sheet,False
04323752,Financials,Estimated Losses,False
04323752,Financials,Substantial Debts,False
04324297,Associated Business,Associated Business Insolvency,False
04324297,Associated Business,HM Court Data,False
04324297,Associated Business,Charges on other businesses,False
04324297,Business,CCJ (Business),False
04324297,Business,Director resignations,False
04324297,Business,Accounts Overdue,False
04324297,Business,Incorporation Date,False
04324297,Business,Adverse SIC Code,False
04324297,Director,Director bankruptcy,False
04324297,Director,Director disqualifications,False
04324297,Director,Director country of residence,False
04324297,Director,Director nationality,False
04324297,Director,Director average age,True
04324297,Director,Director Personal Insolvency,False
04324297,Psc,UBO nationality,False
04324297,Psc,UBO is overseas company?,False
04324297,Psc,Recent ownership changes,False
04324297,Financials,Negative Audit report,False
04324297,Financials,Negative Balance Sheet,True
04324297,Financials,Estimated Losses,True
04324297,Financials,Substantial Debts,False
04324395,Associated Business,Associated Business Insolvency,False
04324395,Associated Business,HM Court Data,False
04324395,Associated Business,Charges on other businesses,False
04324395,Business,CCJ (Business),False
04324395,Business,Director resignations,False
04324395,Business,Accounts Overdue,False
04324395,Business,Incorporation Date,False
04324395,Business,Adverse SIC Code,False
04324395,Director,Director bankruptcy,False
04324395,Director,Director disqualifications,False
04324395,Director,Director country of residence,True
04324395,Director,Director nationality,False
04324395,Director,Director average age,False
04324395,Director,Director Personal Insolvency,False
04324395,Psc,UBO nationality,False
04324395,Psc,UBO is overseas company?,False
04324395,Psc,Recent ownership changes,False
04324395,Financials,Negative Audit report,False
04324395,Financials,Negative Balance Sheet,True
04324395,Financials,Estimated Losses,True
04324395,Financials,Substantial Debts,False
04324458,Associated Business,Associated Business Insolvency,False
04324458,Associated Business,HM Court Data,False
04324458,Associated Business,Charges on other businesses,False
04324458,Business,CCJ (Business),False
04324458,Business,Director resignations,False
04324458,Business,Accounts Overdue,False
04324458,Business,Incorporation Date,False
04324458,Business,Adverse SIC Code,False
04324458,Director,Director bankruptcy,False
04324458,Director,Director disqualifications,False
04324458,Director,Director country of residence,False
04324458,Director,Director nationality,False
04324458,Director,Director average age,False
04324458,Director,Director Personal Insolvency,False
04324458,Psc,UBO nationality,False
04324458,Psc,UBO is overseas company?,False
04324458,Psc,Recent ownership changes,False
04324458,Financials,Negative Audit report,False
04324458,Financials,Negative Balance Sheet,False
04324458,Financials,Estimated Losses,False
04324458,Financials,Substantial Debts,False
04324567,Associated Business,Associated Business Insolvency,True
04324567,Associated Business,HM Court Data,False
04324567,Associated Business,Charges on other businesses,False
04324567,Business,CCJ (Business),False
04324567,Business,Director resignations,False
04324567,Business,Accounts Overdue,False
04324567,Business,Incorporation Date,False
04324567,Business,Adverse SIC Code,False
04324567,Director,Director bankruptcy,False
04324567,Director,Director disqualifications,False
04324567,Director,Director country of residence,True
04324567,Director,Director nationality,True
04324567,Director,Director average age,False
04324567,Director,Director Personal Insolvency,False
04324567,Psc,UBO nationality,False
04324567,Psc,UBO is overseas company?,False
04324567,Psc,Recent ownership changes,False
04324567,Financials,Negative Audit report,False
04324567,Financials,Negative Balance Sheet,False
04324567,Financials,Estimated Losses,False
04324567,Financials,Substantial Debts,False
04324694,Associated Business,Associated Business Insolvency,False
04324694,Associated Business,HM Court Data,False
04324694,Associated Business,Charges on other businesses,False
04324694,Business,CCJ (Business),False
04324694,Business,Director resignations,False
04324694,Business,Accounts Overdue,False
04324694,Business,Incorporation Date,False
04324694,Business,Adverse SIC Code,False
04324694,Director,Director bankruptcy,False
04324694,Director,Director disqualifications,False
04324694,Director,Director country of residence,True
04324694,Director,Director nationality,False
04324694,Director,Director average age,False
04324694,Director,Director Personal Insolvency,False
04324694,Psc,UBO nationality,False
04324694,Psc,UBO is overseas company?,False
04324694,Psc,Recent ownership changes,False
04324694,Financials,Negative Audit report,False
04324694,Financials,Negative Balance Sheet,False
04324694,Financials,Estimated Losses,False
04324694,Financials,Substantial Debts,False
04325643,Associated Business,Associated Business Insolvency,True
04325643,Associated Business,HM Court Data,False
04325643,Associated Business,Charges on other businesses,False
04325643,Business,CCJ (Business),False
04325643,Business,Director resignations,False
04325643,Business,Accounts Overdue,False
04325643,Business,Incorporation Date,False
04325643,Business,Adverse SIC Code,False
04325643,Director,Director bankruptcy,False
04325643,Director,Director disqualifications,False
04325643,Director,Director country of residence,False
04325643,Director,Director nationality,False
04325643,Director,Director average age,True
04325643,Director,Director Personal Insolvency,False
04325643,Psc,UBO nationality,False
04325643,Psc,UBO is overseas company?,False
04325643,Psc,Recent ownership changes,False
04325643,Financials,Negative Audit report,False
04325643,Financials,Negative Balance Sheet,False
04325643,Financials,Estimated Losses,False
04325643,Financials,Substantial Debts,False
04327335,Associated Business,Associated Business Insolvency,False
04327335,Associated Business,HM Court Data,False
04327335,Associated Business,Charges on other businesses,False
04327335,Business,CCJ (Business),False
04327335,Business,Director resignations,False
04327335,Business,Accounts Overdue,False
04327335,Business,Incorporation Date,False
04327335,Business,Adverse SIC Code,False
04327335,Director,Director bankruptcy,False
04327335,Director,Director disqualifications,False
04327335,Director,Director country of residence,False
04327335,Director,Director nationality,True
04327335,Director,Director average age,False
04327335,Director,Director Personal Insolvency,False
04327335,Psc,UBO nationality,True
04327335,Psc,UBO is overseas company?,False
04327335,Psc,Recent ownership changes,False
04327335,Financials,Negative Audit report,False
04327335,Financials,Negative Balance Sheet,True
04327335,Financials,Estimated Losses,True
04327335,Financials,Substantial Debts,False
04327639,Associated Business,Associated Business Insolvency,False
04327639,Associated Business,HM Court Data,False
04327639,Associated Business,Charges on other businesses,False
04327639,Business,CCJ (Business),False
04327639,Business,Director resignations,False
04327639,Business,Accounts Overdue,False
04327639,Business,Incorporation Date,False
04327639,Business,Adverse SIC Code,False
04327639,Director,Director bankruptcy,False
04327639,Director,Director disqualifications,False
04327639,Director,Director country of residence,True
04327639,Director,Director nationality,False
04327639,Director,Director average age,False
04327639,Director,Director Personal Insolvency,False
04327639,Psc,UBO nationality,False
04327639,Psc,UBO is overseas company?,False
04327639,Psc,Recent ownership changes,False
04327639,Financials,Negative Audit report,False
04327639,Financials,Negative Balance Sheet,False
04327639,Financials,Estimated Losses,False
04327639,Financials,Substantial Debts,False
04327790,Associated Business,Associated Business Insolvency,False
04327790,Associated Business,HM Court Data,False
04327790,Associated Business,Charges on other businesses,False
04327790,Business,CCJ (Business),False
04327790,Business,Director resignations,True
04327790,Business,Accounts Overdue,False
04327790,Business,Incorporation Date,False
04327790,Business,Adverse SIC Code,False
04327790,Director,Director bankruptcy,False
04327790,Director,Director disqualifications,False
04327790,Director,Director country of residence,True
04327790,Director,Director nationality,True
04327790,Director,Director average age,False
04327790,Director,Director Personal Insolvency,False
04327790,Psc,UBO nationality,False
04327790,Psc,UBO is overseas company?,True
04327790,Psc,Recent ownership changes,False
04327790,Financials,Negative Audit report,True
04327790,Financials,Negative Balance Sheet,False
04327790,Financials,Estimated Losses,False
04327790,Financials,Substantial Debts,False
04327830,Associated Business,Associated Business Insolvency,False
04327830,Associated Business,HM Court Data,False
04327830,Associated Business,Charges on other businesses,False
04327830,Business,CCJ (Business),False
04327830,Business,Director resignations,False
04327830,Business,Accounts Overdue,False
04327830,Business,Incorporation Date,False
04327830,Business,Adverse SIC Code,False
04327830,Director,Director bankruptcy,False
04327830,Director,Director disqualifications,False
04327830,Director,Director country of residence,True
04327830,Director,Director nationality,False
04327830,Director,Director average age,True
04327830,Director,Director Personal Insolvency,False
04327830,Psc,UBO nationality,False
04327830,Psc,UBO is overseas company?,False
04327830,Psc,Recent ownership changes,False
04327830,Financials,Negative Audit report,False
04327830,Financials,Negative Balance Sheet,False
04327830,Financials,Estimated Losses,False
04327830,Financials,Substantial Debts,False
04328146,Associated Business,Associated Business Insolvency,True
04328146,Associated Business,HM Court Data,False
04328146,Associated Business,Charges on other businesses,False
04328146,Business,CCJ (Business),False
04328146,Business,Director resignations,True
04328146,Business,Accounts Overdue,False
04328146,Business,Incorporation Date,False
04328146,Business,Adverse SIC Code,False
04328146,Director,Director bankruptcy,False
04328146,Director,Director disqualifications,False
04328146,Director,Director country of residence,True
04328146,Director,Director nationality,True
04328146,Director,Director average age,False
04328146,Director,Director Personal Insolvency,False
04328146,Psc,UBO nationality,False
04328146,Psc,UBO is overseas company?,True
04328146,Psc,Recent ownership changes,False
04328146,Financials,Negative Audit report,False
04328146,Financials,Negative Balance Sheet,False
04328146,Financials,Estimated Losses,False
04328146,Financials,Substantial Debts,False
04328341,Associated Business,Associated Business Insolvency,True
04328341,Associated Business,HM Court Data,False
04328341,Associated Business,Charges on other businesses,True
04328341,Business,CCJ (Business),False
04328341,Business,Director resignations,False
04328341,Business,Accounts Overdue,False
04328341,Business,Incorporation Date,False
04328341,Business,Adverse SIC Code,False
04328341,Director,Director bankruptcy,False
04328341,Director,Director disqualifications,False
04328341,Director,Director country of residence,False
04328341,Director,Director nationality,False
04328341,Director,Director average age,False
04328341,Director,Director Personal Insolvency,False
04328341,Psc,UBO nationality,False
04328341,Psc,UBO is overseas company?,False
04328341,Psc,Recent ownership changes,False
04328341,Financials,Negative Audit report,False
04328341,Financials,Negative Balance Sheet,False
04328341,Financials,Estimated Losses,False
04328341,Financials,Substantial Debts,False
04328404,Associated Business,Associated Business Insolvency,False
04328404,Associated Business,HM Court Data,False
04328404,Associated Business,Charges on other businesses,False
04328404,Business,CCJ (Business),False
04328404,Business,Director resignations,False
04328404,Business,Accounts Overdue,False
04328404,Business,Incorporation Date,False
04328404,Business,Adverse SIC Code,False
04328404,Director,Director bankruptcy,False
04328404,Director,Director disqualifications,False
04328404,Director,Director country of residence,True
04328404,Director,Director nationality,False
04328404,Director,Director average age,False
04328404,Director,Director Personal Insolvency,False
04328404,Psc,UBO nationality,False
04328404,Psc,UBO is overseas company?,False
04328404,Psc,Recent ownership changes,False
04328404,Financials,Negative Audit report,False
04328404,Financials,Negative Balance Sheet,True
04328404,Financials,Estimated Losses,True
04328404,Financials,Substantial Debts,False
04328962,Associated Business,Associated Business Insolvency,False
04328962,Associated Business,HM Court Data,False
04328962,Associated Business,Charges on other businesses,False
04328962,Business,CCJ (Business),False
04328962,Business,Director resignations,False
04328962,Business,Accounts Overdue,False
04328962,Business,Incorporation Date,False
04328962,Business,Adverse SIC Code,False
04328962,Director,Director bankruptcy,False
04328962,Director,Director disqualifications,False
04328962,Director,Director country of residence,True
04328962,Director,Director nationality,False
04328962,Director,Director average age,False
04328962,Director,Director Personal Insolvency,False
04328962,Psc,UBO nationality,False
04328962,Psc,UBO is overseas company?,False
04328962,Psc,Recent ownership changes,False
04328962,Financials,Negative Audit report,False
04328962,Financials,Negative Balance Sheet,False
04328962,Financials,Estimated Losses,False
04328962,Financials,Substantial Debts,True
04329149,Associated Business,Associated Business Insolvency,False
04329149,Associated Business,HM Court Data,False
04329149,Associated Business,Charges on other businesses,True
04329149,Business,CCJ (Business),False
04329149,Business,Director resignations,False
04329149,Business,Accounts Overdue,False
04329149,Business,Incorporation Date,False
04329149,Business,Adverse SIC Code,False
04329149,Director,Director bankruptcy,False
04329149,Director,Director disqualifications,False
04329149,Director,Director country of residence,True
04329149,Director,Director nationality,False
04329149,Director,Director average age,True
04329149,Director,Director Personal Insolvency,False
04329149,Psc,UBO nationality,False
04329149,Psc,UBO is overseas company?,False
04329149,Psc,Recent ownership changes,False
04329149,Financials,Negative Audit report,False
04329149,Financials,Negative Balance Sheet,True
04329149,Financials,Estimated Losses,True
04329149,Financials,Substantial Debts,False
04329171,Associated Business,Associated Business Insolvency,True
04329171,Associated Business,HM Court Data,False
04329171,Associated Business,Charges on other businesses,False
04329171,Business,CCJ (Business),False
04329171,Business,Director resignations,False
04329171,Business,Accounts Overdue,False
04329171,Business,Incorporation Date,False
04329171,Business,Adverse SIC Code,False
04329171,Director,Director bankruptcy,False
04329171,Director,Director disqualifications,False
04329171,Director,Director country of residence,True
04329171,Director,Director nationality,False
04329171,Director,Director average age,True
04329171,Director,Director Personal Insolvency,False
04329171,Psc,UBO nationality,False
04329171,Psc,UBO is overseas company?,False
04329171,Psc,Recent ownership changes,False
04329171,Financials,Negative Audit report,False
04329171,Financials,Negative Balance Sheet,False
04329171,Financials,Estimated Losses,False
04329171,Financials,Substantial Debts,False
04329751,Associated Business,Associated Business Insolvency,False
04329751,Associated Business,HM Court Data,False
04329751,Associated Business,Charges on other businesses,False
04329751,Business,CCJ (Business),False
04329751,Business,Director resignations,False
04329751,Business,Accounts Overdue,False
04329751,Business,Incorporation Date,False
04329751,Business,Adverse SIC Code,False
04329751,Director,Director bankruptcy,False
04329751,Director,Director disqualifications,False
04329751,Director,Director country of residence,True
04329751,Director,Director nationality,True
04329751,Director,Director average age,True
04329751,Director,Director Personal Insolvency,False
04329751,Psc,UBO nationality,True
04329751,Psc,UBO is overseas company?,False
04329751,Psc,Recent ownership changes,False
04329751,Financials,Negative Audit report,False
04329751,Financials,Negative Balance Sheet,True
04329751,Financials,Estimated Losses,True
04329751,Financials,Substantial Debts,True
04329827,Associated Business,Associated Business Insolvency,True
04329827,Associated Business,HM Court Data,False
04329827,Associated Business,Charges on other businesses,False
04329827,Business,CCJ (Business),False
04329827,Business,Director resignations,False
04329827,Business,Accounts Overdue,False
04329827,Business,Incorporation Date,False
04329827,Business,Adverse SIC Code,False
04329827,Director,Director bankruptcy,False
04329827,Director,Director disqualifications,False
04329827,Director,Director country of residence,True
04329827,Director,Director nationality,False
04329827,Director,Director average age,True
04329827,Director,Director Personal Insolvency,False
04329827,Psc,UBO nationality,False
04329827,Psc,UBO is overseas company?,False
04329827,Psc,Recent ownership changes,False
04329827,Financials,Negative Audit report,False
04329827,Financials,Negative Balance Sheet,False
04329827,Financials,Estimated Losses,False
04329827,Financials,Substantial Debts,False
04329936,Associated Business,Associated Business Insolvency,False
04329936,Associated Business,HM Court Data,False
04329936,Associated Business,Charges on other businesses,False
04329936,Business,CCJ (Business),False
04329936,Business,Director resignations,False
04329936,Business,Accounts Overdue,False
04329936,Business,Incorporation Date,False
04329936,Business,Adverse SIC Code,False
04329936,Director,Director bankruptcy,False
04329936,Director,Director disqualifications,False
04329936,Director,Director country of residence,False
04329936,Director,Director nationality,False
04329936,Director,Director average age,False
04329936,Director,Director Personal Insolvency,False
04329936,Psc,UBO nationality,False
04329936,Psc,UBO is overseas company?,False
04329936,Psc,Recent ownership changes,False
04329936,Financials,Negative Audit report,False
04329936,Financials,Negative Balance Sheet,False
04329936,Financials,Estimated Losses,False
04329936,Financials,Substantial Debts,False
04330089,Associated Business,Associated Business Insolvency,False
04330089,Associated Business,HM Court Data,False
04330089,Associated Business,Charges on other businesses,False
04330089,Business,CCJ (Business),False
04330089,Business,Director resignations,False
04330089,Business,Accounts Overdue,False
04330089,Business,Incorporation Date,False
04330089,Business,Adverse SIC Code,False
04330089,Director,Director bankruptcy,False
04330089,Director,Director disqualifications,False
04330089,Director,Director country of residence,False
04330089,Director,Director nationality,False
04330089,Director,Director average age,False
04330089,Director,Director Personal Insolvency,False
04330089,Psc,UBO nationality,False
04330089,Psc,UBO is overseas company?,False
04330089,Psc,Recent ownership changes,False
04330089,Financials,Negative Audit report,False
04330089,Financials,Negative Balance Sheet,True
04330089,Financials,Estimated Losses,True
04330089,Financials,Substantial Debts,False
04330143,Associated Business,Associated Business Insolvency,False
04330143,Associated Business,HM Court Data,False
04330143,Associated Business,Charges on other businesses,False
04330143,Business,CCJ (Business),False
04330143,Business,Director resignations,False
04330143,Business,Accounts Overdue,False
04330143,Business,Incorporation Date,False
04330143,Business,Adverse SIC Code,False
04330143,Director,Director bankruptcy,False
04330143,Director,Director disqualifications,False
04330143,Director,Director country of residence,False
04330143,Director,Director nationality,True
04330143,Director,Director average age,False
04330143,Director,Director Personal Insolvency,False
04330143,Psc,UBO nationality,False
04330143,Psc,UBO is overseas company?,False
04330143,Psc,Recent ownership changes,False
04330143,Financials,Negative Audit report,False
04330143,Financials,Negative Balance Sheet,False
04330143,Financials,Estimated Losses,False
04330143,Financials,Substantial Debts,False
04330278,Associated Business,Associated Business Insolvency,True
04330278,Associated Business,HM Court Data,False
04330278,Associated Business,Charges on other businesses,False
04330278,Business,CCJ (Business),False
04330278,Business,Director resignations,True
04330278,Business,Accounts Overdue,False
04330278,Business,Incorporation Date,False
04330278,Business,Adverse SIC Code,False
04330278,Director,Director bankruptcy,False
04330278,Director,Director disqualifications,False
04330278,Director,Director country of residence,True
04330278,Director,Director nationality,True
04330278,Director,Director average age,True
04330278,Director,Director Personal Insolvency,False
04330278,Psc,UBO nationality,False
04330278,Psc,UBO is overseas company?,False
04330278,Psc,Recent ownership changes,False
04330278,Financials,Negative Audit report,False
04330278,Financials,Negative Balance Sheet,False
04330278,Financials,Estimated Losses,False
04330278,Financials,Substantial Debts,False
04330732,Associated Business,Associated Business Insolvency,True
04330732,Associated Business,HM Court Data,True
04330732,Associated Business,Charges on other businesses,False
04330732,Business,CCJ (Business),False
04330732,Business,Director resignations,False
04330732,Business,Accounts Overdue,False
04330732,Business,Incorporation Date,False
04330732,Business,Adverse SIC Code,False
04330732,Director,Director bankruptcy,False
04330732,Director,Director disqualifications,False
04330732,Director,Director country of residence,True
04330732,Director,Director nationality,False
04330732,Director,Director average age,True
04330732,Director,Director Personal Insolvency,False
04330732,Psc,UBO nationality,True
04330732,Psc,UBO is overseas company?,False
04330732,Psc,Recent ownership changes,False
04330732,Financials,Negative Audit report,False
04330732,Financials,Negative Balance Sheet,False
04330732,Financials,Estimated Losses,False
04330732,Financials,Substantial Debts,False
04330786,Associated Business,Associated Business Insolvency,True
04330786,Associated Business,HM Court Data,False
04330786,Associated Business,Charges on other businesses,False
04330786,Business,CCJ (Business),False
04330786,Business,Director resignations,False
04330786,Business,Accounts Overdue,False
04330786,Business,Incorporation Date,False
04330786,Business,Adverse SIC Code,False
04330786,Director,Director bankruptcy,False
04330786,Director,Director disqualifications,False
04330786,Director,Director country of residence,True
04330786,Director,Director nationality,False
04330786,Director,Director average age,True
04330786,Director,Director Personal Insolvency,False
04330786,Psc,UBO nationality,False
04330786,Psc,UBO is overseas company?,False
04330786,Psc,Recent ownership changes,False
04330786,Financials,Negative Audit report,False
04330786,Financials,Negative Balance Sheet,False
04330786,Financials,Estimated Losses,False
04330786,Financials,Substantial Debts,False
04330991,Associated Business,Associated Business Insolvency,True
04330991,Associated Business,HM Court Data,False
04330991,Associated Business,Charges on other businesses,False
04330991,Business,CCJ (Business),False
04330991,Business,Director resignations,False
04330991,Business,Accounts Overdue,False
04330991,Business,Incorporation Date,False
04330991,Business,Adverse SIC Code,False
04330991,Director,Director bankruptcy,True
04330991,Director,Director disqualifications,False
04330991,Director,Director country of residence,True
04330991,Director,Director nationality,False
04330991,Director,Director average age,False
04330991,Director,Director Personal Insolvency,True
04330991,Psc,UBO nationality,False
04330991,Psc,UBO is overseas company?,False
04330991,Psc,Recent ownership changes,False
04330991,Financials,Negative Audit report,False
04330991,Financials,Negative Balance Sheet,False
04330991,Financials,Estimated Losses,False
04330991,Financials,Substantial Debts,False
04331031,Associated Business,Associated Business Insolvency,True
04331031,Associated Business,HM Court Data,False
04331031,Associated Business,Charges on other businesses,True
04331031,Business,CCJ (Business),False
04331031,Business,Director resignations,False
04331031,Business,Accounts Overdue,False
04331031,Business,Incorporation Date,False
04331031,Business,Adverse SIC Code,False
04331031,Director,Director bankruptcy,False
04331031,Director,Director disqualifications,False
04331031,Director,Director country of residence,False
04331031,Director,Director nationality,False
04331031,Director,Director average age,False
04331031,Director,Director Personal Insolvency,False
04331031,Psc,UBO nationality,False
04331031,Psc,UBO is overseas company?,False
04331031,Psc,Recent ownership changes,False
04331031,Financials,Negative Audit report,False
04331031,Financials,Negative Balance Sheet,False
04331031,Financials,Estimated Losses,False
04331031,Financials,Substantial Debts,False
04331087,Associated Business,Associated Business Insolvency,False
04331087,Associated Business,HM Court Data,False
04331087,Associated Business,Charges on other businesses,False
04331087,Business,CCJ (Business),False
04331087,Business,Director resignations,False
04331087,Business,Accounts Overdue,False
04331087,Business,Incorporation Date,False
04331087,Business,Adverse SIC Code,False
04331087,Director,Director bankruptcy,False
04331087,Director,Director disqualifications,False
04331087,Director,Director country of residence,True
04331087,Director,Director nationality,False
04331087,Director,Director average age,False
04331087,Director,Director Personal Insolvency,False
04331087,Psc,UBO nationality,False
04331087,Psc,UBO is overseas company?,False
04331087,Psc,Recent ownership changes,False
04331087,Financials,Negative Audit report,False
04331087,Financials,Negative Balance Sheet,False
04331087,Financials,Estimated Losses,False
04331087,Financials,Substantial Debts,False
04331204,Associated Business,Associated Business Insolvency,True
04331204,Associated Business,HM Court Data,True
04331204,Associated Business,Charges on other businesses,False
04331204,Business,CCJ (Business),False
04331204,Business,Director resignations,False
04331204,Business,Accounts Overdue,False
04331204,Business,Incorporation Date,False
04331204,Business,Adverse SIC Code,False
04331204,Director,Director bankruptcy,False
04331204,Director,Director disqualifications,False
04331204,Director,Director country of residence,True
04331204,Director,Director nationality,False
04331204,Director,Director average age,False
04331204,Director,Director Personal Insolvency,False
04331204,Psc,UBO nationality,False
04331204,Psc,UBO is overseas company?,False
04331204,Psc,Recent ownership changes,False
04331204,Financials,Negative Audit report,False
04331204,Financials,Negative Balance Sheet,False
04331204,Financials,Estimated Losses,False
04331204,Financials,Substantial Debts,False
04331329,Associated Business,Associated Business Insolvency,False
04331329,Associated Business,HM Court Data,False
04331329,Associated Business,Charges on other businesses,False
04331329,Business,CCJ (Business),False
04331329,Business,Director resignations,False
04331329,Business,Accounts Overdue,False
04331329,Business,Incorporation Date,False
04331329,Business,Adverse SIC Code,False
04331329,Director,Director bankruptcy,False
04331329,Director,Director disqualifications,False
04331329,Director,Director country of residence,True
04331329,Director,Director nationality,False
04331329,Director,Director average age,False
04331329,Director,Director Personal Insolvency,False
04331329,Psc,UBO nationality,False
04331329,Psc,UBO is overseas company?,False
04331329,Psc,Recent ownership changes,False
04331329,Financials,Negative Audit report,False
04331329,Financials,Negative Balance Sheet,False
04331329,Financials,Estimated Losses,False
04331329,Financials,Substantial Debts,False
04331338,Associated Business,Associated Business Insolvency,False
04331338,Associated Business,HM Court Data,False
04331338,Associated Business,Charges on other businesses,False
04331338,Business,CCJ (Business),False
04331338,Business,Director resignations,False
04331338,Business,Accounts Overdue,False
04331338,Business,Incorporation Date,False
04331338,Business,Adverse SIC Code,False
04331338,Director,Director bankruptcy,False
04331338,Director,Director disqualifications,False
04331338,Director,Director country of residence,False
04331338,Director,Director nationality,False
04331338,Director,Director average age,False
04331338,Director,Director Personal Insolvency,False
04331338,Psc,UBO nationality,False
04331338,Psc,UBO is overseas company?,False
04331338,Psc,Recent ownership changes,False
04331338,Financials,Negative Audit report,False
04331338,Financials,Negative Balance Sheet,False
04331338,Financials,Estimated Losses,False
04331338,Financials,Substantial Debts,True
04331407,Associated Business,Associated Business Insolvency,False
04331407,Associated Business,HM Court Data,False
04331407,Associated Business,Charges on other businesses,False
04331407,Business,CCJ (Business),False
04331407,Business,Director resignations,False
04331407,Business,Accounts Overdue,False
04331407,Business,Incorporation Date,False
04331407,Business,Adverse SIC Code,False
04331407,Director,Director bankruptcy,False
04331407,Director,Director disqualifications,False
04331407,Director,Director country of residence,True
04331407,Director,Director nationality,False
04331407,Director,Director average age,False
04331407,Director,Director Personal Insolvency,False
04331407,Psc,UBO nationality,False
04331407,Psc,UBO is overseas company?,False
04331407,Psc,Recent ownership changes,False
04331407,Financials,Negative Audit report,False
04331407,Financials,Negative Balance Sheet,False
04331407,Financials,Estimated Losses,False
04331407,Financials,Substantial Debts,False
04331486,Associated Business,Associated Business Insolvency,False
04331486,Associated Business,HM Court Data,False
04331486,Associated Business,Charges on other businesses,False
04331486,Business,CCJ (Business),False
04331486,Business,Director resignations,False
04331486,Business,Accounts Overdue,False
04331486,Business,Incorporation Date,False
04331486,Business,Adverse SIC Code,False
04331486,Director,Director bankruptcy,False
04331486,Director,Director disqualifications,False
04331486,Director,Director country of residence,True
04331486,Director,Director nationality,False
04331486,Director,Director average age,True
04331486,Director,Director Personal Insolvency,False
04331486,Psc,UBO nationality,False
04331486,Psc,UBO is overseas company?,False
04331486,Psc,Recent ownership changes,False
04331486,Financials,Negative Audit report,False
04331486,Financials,Negative Balance Sheet,False
04331486,Financials,Estimated Losses,False
04331486,Financials,Substantial Debts,False
04331595,Associated Business,Associated Business Insolvency,True
04331595,Associated Business,HM Court Data,False
04331595,Associated Business,Charges on other businesses,False
04331595,Business,CCJ (Business),False
04331595,Business,Director resignations,False
04331595,Business,Accounts Overdue,False
04331595,Business,Incorporation Date,False
04331595,Business,Adverse SIC Code,False
04331595,Director,Director bankruptcy,False
04331595,Director,Director disqualifications,False
04331595,Director,Director country of residence,True
04331595,Director,Director nationality,False
04331595,Director,Director average age,False
04331595,Director,Director Personal Insolvency,False
04331595,Psc,UBO nationality,False
04331595,Psc,UBO is overseas company?,False
04331595,Psc,Recent ownership changes,False
04331595,Financials,Negative Audit report,False
04331595,Financials,Negative Balance Sheet,True
04331595,Financials,Estimated Losses,True
04331595,Financials,Substantial Debts,True
04331795,Associated Business,Associated Business Insolvency,True
04331795,Associated Business,HM Court Data,False
04331795,Associated Business,Charges on other businesses,False
04331795,Business,CCJ (Business),False
04331795,Business,Director resignations,False
04331795,Business,Accounts Overdue,False
04331795,Business,Incorporation Date,False
04331795,Business,Adverse SIC Code,False
04331795,Director,Director bankruptcy,True
04331795,Director,Director disqualifications,False
04331795,Director,Director country of residence,True
04331795,Director,Director nationality,True
04331795,Director,Director average age,False
04331795,Director,Director Personal Insolvency,True
04331795,Psc,UBO nationality,True
04331795,Psc,UBO is overseas company?,False
04331795,Psc,Recent ownership changes,False
04331795,Financials,Negative Audit report,False
04331795,Financials,Negative Balance Sheet,False
04331795,Financials,Estimated Losses,False
04331795,Financials,Substantial Debts,False
04332061,Associated Business,Associated Business Insolvency,True
04332061,Associated Business,HM Court Data,False
04332061,Associated Business,Charges on other businesses,False
04332061,Business,CCJ (Business),False
04332061,Business,Director resignations,False
04332061,Business,Accounts Overdue,False
04332061,Business,Incorporation Date,False
04332061,Business,Adverse SIC Code,False
04332061,Director,Director bankruptcy,False
04332061,Director,Director disqualifications,False
04332061,Director,Director country of residence,False
04332061,Director,Director nationality,False
04332061,Director,Director average age,False
04332061,Director,Director Personal Insolvency,False
04332061,Psc,UBO nationality,False
04332061,Psc,UBO is overseas company?,False
04332061,Psc,Recent ownership changes,False
04332061,Financials,Negative Audit report,False
04332061,Financials,Negative Balance Sheet,False
04332061,Financials,Estimated Losses,False
04332061,Financials,Substantial Debts,False
04332073,Associated Business,Associated Business Insolvency,False
04332073,Associated Business,HM Court Data,False
04332073,Associated Business,Charges on other businesses,False
04332073,Business,CCJ (Business),False
04332073,Business,Director resignations,False
04332073,Business,Accounts Overdue,False
04332073,Business,Incorporation Date,False
04332073,Business,Adverse SIC Code,False
04332073,Director,Director bankruptcy,False
04332073,Director,Director disqualifications,False
04332073,Director,Director country of residence,False
04332073,Director,Director nationality,False
04332073,Director,Director average age,False
04332073,Director,Director Personal Insolvency,False
04332073,Psc,UBO nationality,False
04332073,Psc,UBO is overseas company?,False
04332073,Psc,Recent ownership changes,False
04332073,Financials,Negative Audit report,False
04332073,Financials,Negative Balance Sheet,False
04332073,Financials,Estimated Losses,False
04332073,Financials,Substantial Debts,False
04332932,Associated Business,Associated Business Insolvency,False
04332932,Associated Business,HM Court Data,False
04332932,Associated Business,Charges on other businesses,False
04332932,Business,CCJ (Business),False
04332932,Business,Director resignations,False
04332932,Business,Accounts Overdue,False
04332932,Business,Incorporation Date,False
04332932,Business,Adverse SIC Code,False
04332932,Director,Director bankruptcy,False
04332932,Director,Director disqualifications,False
04332932,Director,Director country of residence,True
04332932,Director,Director nationality,True
04332932,Director,Director average age,False
04332932,Director,Director Personal Insolvency,False
04332932,Psc,UBO nationality,True
04332932,Psc,UBO is overseas company?,False
04332932,Psc,Recent ownership changes,False
04332932,Financials,Negative Audit report,False
04332932,Financials,Negative Balance Sheet,True
04332932,Financials,Estimated Losses,True
04332932,Financials,Substantial Debts,False
04333039,Associated Business,Associated Business Insolvency,True
04333039,Associated Business,HM Court Data,False
04333039,Associated Business,Charges on other businesses,False
04333039,Business,CCJ (Business),False
04333039,Business,Director resignations,False
04333039,Business,Accounts Overdue,False
04333039,Business,Incorporation Date,False
04333039,Business,Adverse SIC Code,False
04333039,Director,Director bankruptcy,False
04333039,Director,Director disqualifications,False
04333039,Director,Director country of residence,True
04333039,Director,Director nationality,False
04333039,Director,Director average age,False
04333039,Director,Director Personal Insolvency,False
04333039,Psc,UBO nationality,False
04333039,Psc,UBO is overseas company?,False
04333039,Psc,Recent ownership changes,False
04333039,Financials,Negative Audit report,False
04333039,Financials,Negative Balance Sheet,False
04333039,Financials,Estimated Losses,False
04333039,Financials,Substantial Debts,False
04333466,Associated Business,Associated Business Insolvency,False
04333466,Associated Business,HM Court Data,False
04333466,Associated Business,Charges on other businesses,False
04333466,Business,CCJ (Business),False
04333466,Business,Director resignations,False
04333466,Business,Accounts Overdue,False
04333466,Business,Incorporation Date,False
04333466,Business,Adverse SIC Code,False
04333466,Director,Director bankruptcy,False
04333466,Director,Director disqualifications,False
04333466,Director,Director country of residence,True
04333466,Director,Director nationality,False
04333466,Director,Director average age,False
04333466,Director,Director Personal Insolvency,False
04333466,Psc,UBO nationality,False
04333466,Psc,UBO is overseas company?,False
04333466,Psc,Recent ownership changes,False
04333466,Financials,Negative Audit report,False
04333466,Financials,Negative Balance Sheet,True
04333466,Financials,Estimated Losses,True
04333466,Financials,Substantial Debts,False
